0,0,0,0,0,0,0,0,0,0,0,0,
0,0.3425,0.685,1.0275,1.37,1.7125,2.055,2.3975,2.74,3.0825,3.425,3.7675,
0,0.685,1.37,2.055,2.74,3.425,4.11,4.795,5.48,6.165,6.85,7.535,
0,1.0275,2.055,3.0825,4.11,5.1375,6.165,7.1925,8.22,9.2475,10.275,11.3025,
0,1.37,2.74,4.11,5.48,6.85,8.22,9.59,10.96,12.33,13.7,15.07,
0,1.7125,3.425,5.1375,6.85,8.5625,10.275,11.9875,13.7,15.4125,17.125,18.8375,
0,2.055,4.11,6.165,8.22,10.275,12.33,14.385,16.44,18.495,20.55,22.605,
0,2.3975,4.795,7.1925,9.59,11.9875,14.385,16.7825,19.18,21.5775,23.975,26.3725,
0,2.74,5.48,8.22,10.96,13.7,16.44,19.18,21.92,24.66,27.4,30.14,
0,3.0825,6.165,9.2475,12.33,15.4125,18.495,21.5775,24.66,27.7425,30.825,33.9075,
0,3.425,6.85,10.275,13.7,17.125,20.55,23.975,27.4,30.825,34.25,37.675,
0,3.7675,7.535,11.3025,15.07,18.8375,22.605,26.3725,30.14,33.9075,37.675,41.4425,
0,4.11,8.22,12.33,16.44,20.55,24.66,28.77,32.88,36.99,41.1,45.21,
0,4.4525,8.905,13.3575,17.81,22.2625,26.715,31.1675,35.62,40.0725,44.525,48.9775,
0,4.795,9.59,14.385,19.18,23.975,28.77,33.565,38.36,43.155,47.95,52.745,
0,5.1375,10.275,15.4125,20.55,25.6875,30.825,35.9625,41.1,46.2375,51.375,56.5125,
0,5.48,10.96,16.44,21.92,27.4,32.88,38.36,43.84,49.32,54.8,60.28,
0,5.8225,11.645,17.4675,23.29,29.1125,34.935,40.7575,46.58,52.4025,58.225,64.0475,
0,6.165,12.33,18.495,24.66,30.825,36.99,43.155,49.32,55.485,61.65,67.815,
0,6.5075,13.015,19.5225,26.03,32.5375,39.045,45.5525,52.06,58.5675,65.075,71.5825,
0,6.85,13.7,20.55,27.4,34.25,41.1,47.95,54.8,61.65,68.5,75.35,
0,7.1925,14.385,21.5775,28.77,35.9625,43.155,50.3475,57.54,64.7325,71.925,79.1175,
0,7.535,15.07,22.605,30.14,37.675,45.21,52.745,60.28,67.815,75.35,82.885,
0,7.8775,15.755,23.6325,31.51,39.3875,47.265,55.1425,63.02,70.8975,78.775,86.6525,
0,8.22,16.44,24.66,32.88,41.1,49.32,57.54,65.76,73.98,82.2,90.42,
0,8.5625,17.125,25.6875,34.25,42.8125,51.375,59.9375,68.5,77.0625,85.625,94.1875,
0,8.905,17.81,26.715,35.62,44.525,53.43,62.335,71.24,80.145,89.05,97.955,
0,9.2475,18.495,27.7425,36.99,46.2375,55.485,64.7325,73.98,83.2275,92.475,101.723,
0,9.59,19.18,28.77,38.36,47.95,57.54,67.13,76.72,86.31,95.9,105.49,
0,9.9325,19.865,29.7975,39.73,49.6625,59.595,69.5275,79.46,89.3925,99.325,109.257,
0,10.275,20.55,30.825,41.1,51.375,61.65,71.925,82.2,92.475,102.75,113.025,
0,10.6175,21.235,31.8525,42.47,53.0875,63.705,74.3225,84.94,95.5575,106.175,116.793,
0,10.96,21.92,32.88,43.84,54.8,65.76,76.72,87.68,98.64,109.6,120.56,
0,11.3025,22.605,33.9075,45.21,56.5125,67.815,79.1175,90.42,101.723,113.025,124.327,
0,11.645,23.29,34.935,46.58,58.225,69.87,81.515,93.16,104.805,116.45,128.095,
0,11.9875,23.975,35.9625,47.95,59.9375,71.925,83.9125,95.9,107.887,119.875,131.863,
0,12.33,24.66,36.99,49.32,61.65,73.98,86.31,98.64,110.97,123.3,135.63,
0,12.6725,25.345,38.0175,50.69,63.3625,76.035,88.7075,101.38,114.052,126.725,139.398,
0,13.015,26.03,39.045,52.06,65.075,78.09,91.105,104.12,117.135,130.15,143.165,
0,13.3575,26.715,40.0725,53.43,66.7875,80.145,93.5025,106.86,120.217,133.575,146.932,
0,13.7,27.4,41.1,54.8,68.5,82.2,95.9,109.6,123.3,137,150.7,
0,14.0425,28.085,42.1275,56.17,70.2125,84.255,98.2975,112.34,126.382,140.425,154.467,
0,14.385,28.77,43.155,57.54,71.925,86.31,100.695,115.08,129.465,143.85,158.235,
0,14.7275,29.455,44.1825,58.91,73.6375,88.365,103.092,117.82,132.548,147.275,162.003,
0,15.07,30.14,45.21,60.28,75.35,90.42,105.49,120.56,135.63,150.7,165.77,
0,15.4125,30.825,46.2375,61.65,77.0625,92.475,107.887,123.3,138.712,154.125,169.538,
0,15.755,31.51,47.265,63.02,78.775,94.53,110.285,126.04,141.795,157.55,173.305,
0,16.0975,32.195,48.2925,64.39,80.4875,96.585,112.683,128.78,144.878,160.975,177.072,
0,16.44,32.88,49.32,65.76,82.2,98.64,115.08,131.52,147.96,164.4,180.84,
0,16.7825,33.565,50.3475,67.13,83.9125,100.695,117.478,134.26,151.042,167.825,184.607,
0,17.125,34.25,51.375,68.5,85.625,102.75,119.875,137,154.125,171.25,188.375,
0,17.4675,34.935,52.4025,69.87,87.3375,104.805,122.272,139.74,157.208,174.675,192.143,
0,17.81,35.62,53.43,71.24,89.05,106.86,124.67,142.48,160.29,178.1,195.91,
0,18.1525,36.305,54.4575,72.61,90.7625,108.915,127.067,145.22,163.372,181.525,199.678,
0,18.495,36.99,55.485,73.98,92.475,110.97,129.465,147.96,166.455,184.95,203.445,
0,18.8375,37.675,56.5125,75.35,94.1875,113.025,131.863,150.7,169.538,188.375,207.212,
0,19.18,38.36,57.54,76.72,95.9,115.08,134.26,153.44,172.62,191.8,210.98,
0,19.5225,39.045,58.5675,78.09,97.6125,117.135,136.658,156.18,175.702,195.225,214.747,
0,19.865,39.73,59.595,79.46,99.325,119.19,139.055,158.92,178.785,198.65,218.515,
0,20.2075,40.415,60.6225,80.83,101.037,121.245,141.452,161.66,181.867,202.075,222.283,
0,20.55,41.1,61.65,82.2,102.75,123.3,143.85,164.4,184.95,205.5,226.05,
0,20.8925,41.785,62.6775,83.57,104.463,125.355,146.247,167.14,188.033,208.925,229.818,
0,21.235,42.47,63.705,84.94,106.175,127.41,148.645,169.88,191.115,212.35,233.585,
0,21.5775,43.155,64.7325,86.31,107.887,129.465,151.042,172.62,194.197,215.775,237.352,
0,21.92,43.84,65.76,87.68,109.6,131.52,153.44,175.36,197.28,219.2,241.12,
0,22.2625,44.525,66.7875,89.05,111.313,133.575,155.837,178.1,200.363,222.625,244.887,
0,22.605,45.21,67.815,90.42,113.025,135.63,158.235,180.84,203.445,226.05,248.655,
0,22.9475,45.895,68.8425,91.79,114.738,137.685,160.633,183.58,206.527,229.475,252.423,
0,23.29,46.58,69.87,93.16,116.45,139.74,163.03,186.32,209.61,232.9,256.19,
0,23.6325,47.265,70.8975,94.53,118.162,141.795,165.428,189.06,212.693,236.325,259.957,
0,23.975,47.95,71.925,95.9,119.875,143.85,167.825,191.8,215.775,239.75,263.725,
0,24.3175,48.635,72.9525,97.27,121.588,145.905,170.223,194.54,218.857,243.175,267.492,
0,24.66,49.32,73.98,98.64,123.3,147.96,172.62,197.28,221.94,246.6,271.26,
0,25.0025,50.005,75.0075,100.01,125.012,150.015,175.018,200.02,225.023,250.025,275.027,
0,25.345,50.69,76.035,101.38,126.725,152.07,177.415,202.76,228.105,253.45,278.795,
0,25.6875,51.375,77.0625,102.75,128.438,154.125,179.813,205.5,231.188,256.875,282.563,
0,26.03,52.06,78.09,104.12,130.15,156.18,182.21,208.24,234.27,260.3,286.33,
0,26.3725,52.745,79.1175,105.49,131.863,158.235,184.607,210.98,237.352,263.725,290.098,
0,26.715,53.43,80.145,106.86,133.575,160.29,187.005,213.72,240.435,267.15,293.865,
0,27.0575,54.115,81.1725,108.23,135.288,162.345,189.402,216.46,243.518,270.575,297.633,
0,27.4,54.8,82.2,109.6,137,164.4,191.8,219.2,246.6,274,301.4,
0,27.7425,55.485,83.2275,110.97,138.712,166.455,194.197,221.94,249.682,277.425,305.168,
0,28.085,56.17,84.255,112.34,140.425,168.51,196.595,224.68,252.765,280.85,308.935,
0,28.4275,56.855,85.2825,113.71,142.137,170.565,198.992,227.42,255.848,284.275,312.703,
0,28.77,57.54,86.31,115.08,143.85,172.62,201.39,230.16,258.93,287.7,316.47,
0,29.1125,58.225,87.3375,116.45,145.563,174.675,203.788,232.9,262.013,291.125,320.237,
0,29.455,58.91,88.365,117.82,147.275,176.73,206.185,235.64,265.095,294.55,324.005,
0,29.7975,59.595,89.3925,119.19,148.988,178.785,208.583,238.38,268.177,297.975,327.772,
0,30.14,60.28,90.42,120.56,150.7,180.84,210.98,241.12,271.26,301.4,331.54,
0,30.4825,60.965,91.4475,121.93,152.413,182.895,213.378,243.86,274.342,304.825,335.307,
0,30.825,61.65,92.475,123.3,154.125,184.95,215.775,246.6,277.425,308.25,339.075,
0,31.1675,62.335,93.5025,124.67,155.837,187.005,218.173,249.34,280.508,311.675,342.842,
0,31.51,63.02,94.53,126.04,157.55,189.06,220.57,252.08,283.59,315.1,346.61,
0,31.8525,63.705,95.5575,127.41,159.262,191.115,222.967,254.82,286.672,318.525,350.378,
0,32.195,64.39,96.585,128.78,160.975,193.17,225.365,257.56,289.755,321.95,354.145,
0,32.5375,65.075,97.6125,130.15,162.688,195.225,227.762,260.3,292.837,325.375,357.913,
0,32.88,65.76,98.64,131.52,164.4,197.28,230.16,263.04,295.92,328.8,361.68,
0,33.2225,66.445,99.6675,132.89,166.113,199.335,232.557,265.78,299.003,332.225,365.448,
0,33.565,67.13,100.695,134.26,167.825,201.39,234.955,268.52,302.085,335.65,369.215,
0,33.9075,67.815,101.723,135.63,169.538,203.445,237.352,271.26,305.168,339.075,372.983,
0,34.25,68.5,102.75,137,171.25,205.5,239.75,274,308.25,342.5,376.75,
0,34.5925,69.185,103.777,138.37,172.962,207.555,242.148,276.74,311.332,345.925,380.517,
0,34.935,69.87,104.805,139.74,174.675,209.61,244.545,279.48,314.415,349.35,384.285,
0,35.2775,70.555,105.832,141.11,176.387,211.665,246.943,282.22,317.497,352.775,388.052,
0,35.62,71.24,106.86,142.48,178.1,213.72,249.34,284.96,320.58,356.2,391.82,
0,35.9625,71.925,107.887,143.85,179.813,215.775,251.738,287.7,323.663,359.625,395.587,
0,36.305,72.61,108.915,145.22,181.525,217.83,254.135,290.44,326.745,363.05,399.355,
0,36.6475,73.295,109.942,146.59,183.238,219.885,256.533,293.18,329.828,366.475,403.122,
0,36.99,73.98,110.97,147.96,184.95,221.94,258.93,295.92,332.91,369.9,406.89,
0,37.3325,74.665,111.997,149.33,186.663,223.995,261.328,298.66,335.992,373.325,410.658,
0,37.675,75.35,113.025,150.7,188.375,226.05,263.725,301.4,339.075,376.75,414.425,
0,38.0175,76.035,114.052,152.07,190.087,228.105,266.122,304.14,342.158,380.175,418.193,
0,38.36,76.72,115.08,153.44,191.8,230.16,268.52,306.88,345.24,383.6,421.96,
0,38.7025,77.405,116.107,154.81,193.512,232.215,270.918,309.62,348.323,387.025,425.728,
0,39.045,78.09,117.135,156.18,195.225,234.27,273.315,312.36,351.405,390.45,429.495,
0,39.3875,78.775,118.162,157.55,196.938,236.325,275.712,315.1,354.487,393.875,433.263,
0,39.73,79.46,119.19,158.92,198.65,238.38,278.11,317.84,357.57,397.3,437.03,
0,40.0725,80.145,120.217,160.29,200.363,240.435,280.508,320.58,360.652,400.725,440.797,
0,40.415,80.83,121.245,161.66,202.075,242.49,282.905,323.32,363.735,404.15,444.565,
0,40.7575,81.515,122.272,163.03,203.788,244.545,285.302,326.06,366.818,407.575,448.332,
0,41.1,82.2,123.3,164.4,205.5,246.6,287.7,328.8,369.9,411,452.1,
0,41.4425,82.885,124.327,165.77,207.212,248.655,290.098,331.54,372.983,414.425,455.867,
0,41.785,83.57,125.355,167.14,208.925,250.71,292.495,334.28,376.065,417.85,459.635,
0,42.1275,84.255,126.382,168.51,210.637,252.765,294.892,337.02,379.147,421.275,463.402,
0,42.47,84.94,127.41,169.88,212.35,254.82,297.29,339.76,382.23,424.7,467.17,
0,42.8125,85.625,128.438,171.25,214.063,256.875,299.688,342.5,385.313,428.125,470.938,
0,43.155,86.31,129.465,172.62,215.775,258.93,302.085,345.24,388.395,431.55,474.705,
0,43.4975,86.995,130.492,173.99,217.488,260.985,304.483,347.98,391.478,434.975,478.473,
0,43.84,87.68,131.52,175.36,219.2,263.04,306.88,350.72,394.56,438.4,482.24,
0,44.1825,88.365,132.548,176.73,220.913,265.095,309.277,353.46,397.642,441.825,486.008,
0,44.525,89.05,133.575,178.1,222.625,267.15,311.675,356.2,400.725,445.25,489.775,
0,44.8675,89.735,134.602,179.47,224.337,269.205,314.073,358.94,403.807,448.675,493.543,
0,45.21,90.42,135.63,180.84,226.05,271.26,316.47,361.68,406.89,452.1,497.31,
0,45.5525,91.105,136.658,182.21,227.762,273.315,318.867,364.42,409.973,455.525,501.078,
0,45.895,91.79,137.685,183.58,229.475,275.37,321.265,367.16,413.055,458.95,504.845,
0,46.2375,92.475,138.712,184.95,231.188,277.425,323.663,369.9,416.138,462.375,508.612,
0,46.58,93.16,139.74,186.32,232.9,279.48,326.06,372.64,419.22,465.8,512.38,
0,46.9225,93.845,140.768,187.69,234.613,281.535,328.457,375.38,422.302,469.225,516.148,
0,47.265,94.53,141.795,189.06,236.325,283.59,330.855,378.12,425.385,472.65,519.915,
0,47.6075,95.215,142.822,190.43,238.038,285.645,333.253,380.86,428.467,476.075,523.682,
0,47.95,95.9,143.85,191.8,239.75,287.7,335.65,383.6,431.55,479.5,527.45,
0,48.2925,96.585,144.878,193.17,241.462,289.755,338.047,386.34,434.633,482.925,531.218,
0,48.635,97.27,145.905,194.54,243.175,291.81,340.445,389.08,437.715,486.35,534.985,
0,48.9775,97.955,146.932,195.91,244.887,293.865,342.842,391.82,440.797,489.775,538.753,
0,49.32,98.64,147.96,197.28,246.6,295.92,345.24,394.56,443.88,493.2,542.52,
0,49.6625,99.325,148.988,198.65,248.313,297.975,347.638,397.3,446.962,496.625,546.287,
0,50.005,100.01,150.015,200.02,250.025,300.03,350.035,400.04,450.045,500.05,550.055,
0,50.3475,100.695,151.042,201.39,251.738,302.085,352.432,402.78,453.128,503.475,553.823,
0,50.69,101.38,152.07,202.76,253.45,304.14,354.83,405.52,456.21,506.9,557.59,
0,51.0325,102.065,153.098,204.13,255.163,306.195,357.228,408.26,459.293,510.325,561.357,
0,51.375,102.75,154.125,205.5,256.875,308.25,359.625,411,462.375,513.75,565.125,
0,51.7175,103.435,155.152,206.87,258.587,310.305,362.022,413.74,465.457,517.175,568.893,
0,52.06,104.12,156.18,208.24,260.3,312.36,364.42,416.48,468.54,520.6,572.66,
0,52.4025,104.805,157.208,209.61,262.013,314.415,366.818,419.22,471.622,524.025,576.427,
0,52.745,105.49,158.235,210.98,263.725,316.47,369.215,421.96,474.705,527.45,580.195,
0,53.0875,106.175,159.262,212.35,265.438,318.525,371.612,424.7,477.788,530.875,583.963,
0,53.43,106.86,160.29,213.72,267.15,320.58,374.01,427.44,480.87,534.3,587.73,
0,53.7725,107.545,161.318,215.09,268.862,322.635,376.408,430.18,483.953,537.725,591.497,
0,54.115,108.23,162.345,216.46,270.575,324.69,378.805,432.92,487.035,541.15,595.265,
0,54.4575,108.915,163.372,217.83,272.288,326.745,381.203,435.66,490.117,544.575,599.032,
0,54.8,109.6,164.4,219.2,274,328.8,383.6,438.4,493.2,548,602.8,
0,55.1425,110.285,165.428,220.57,275.712,330.855,385.997,441.14,496.283,551.425,606.568,
0,55.485,110.97,166.455,221.94,277.425,332.91,388.395,443.88,499.365,554.85,610.335,
0,55.8275,111.655,167.482,223.31,279.138,334.965,390.793,446.62,502.448,558.275,614.102,
0,56.17,112.34,168.51,224.68,280.85,337.02,393.19,449.36,505.53,561.7,617.87,
0,56.5125,113.025,169.538,226.05,282.563,339.075,395.587,452.1,508.612,565.125,621.638,
0,56.855,113.71,170.565,227.42,284.275,341.13,397.985,454.84,511.695,568.55,625.405,
0,57.1975,114.395,171.592,228.79,285.987,343.185,400.383,457.58,514.778,571.975,629.172,
0,57.54,115.08,172.62,230.16,287.7,345.24,402.78,460.32,517.86,575.4,632.94,
0,57.8825,115.765,173.648,231.53,289.413,347.295,405.177,463.06,520.943,578.825,636.708,
0,58.225,116.45,174.675,232.9,291.125,349.35,407.575,465.8,524.025,582.25,640.475,
0,58.5675,117.135,175.702,234.27,292.837,351.405,409.973,468.54,527.107,585.675,644.242,
0,58.91,117.82,176.73,235.64,294.55,353.46,412.37,471.28,530.19,589.1,648.01,
0,59.2525,118.505,177.758,237.01,296.263,355.515,414.767,474.02,533.273,592.525,651.778,
0,59.595,119.19,178.785,238.38,297.975,357.57,417.165,476.76,536.355,595.95,655.545,
0,59.9375,119.875,179.813,239.75,299.688,359.625,419.563,479.5,539.438,599.375,659.313,
0,60.28,120.56,180.84,241.12,301.4,361.68,421.96,482.24,542.52,602.8,663.08,
0,60.6225,121.245,181.867,242.49,303.112,363.735,424.358,484.98,545.602,606.225,666.847,
0,60.965,121.93,182.895,243.86,304.825,365.79,426.755,487.72,548.685,609.65,670.615,
0,61.3075,122.615,183.923,245.23,306.538,367.845,429.152,490.46,551.768,613.075,674.383,
0,61.65,123.3,184.95,246.6,308.25,369.9,431.55,493.2,554.85,616.5,678.15,
0,61.9925,123.985,185.977,247.97,309.962,371.955,433.948,495.94,557.932,619.925,681.917,
0,62.335,124.67,187.005,249.34,311.675,374.01,436.345,498.68,561.015,623.35,685.685,
0,62.6775,125.355,188.033,250.71,313.388,376.065,438.742,501.42,564.097,626.775,689.453,
0,63.02,126.04,189.06,252.08,315.1,378.12,441.14,504.16,567.18,630.2,693.22,
0,63.3625,126.725,190.087,253.45,316.813,380.175,443.538,506.9,570.263,633.625,696.987,
0,63.705,127.41,191.115,254.82,318.525,382.23,445.935,509.64,573.345,637.05,700.755,
0,64.0475,128.095,192.143,256.19,320.237,384.285,448.332,512.38,576.427,640.475,704.523,
0,64.39,128.78,193.17,257.56,321.95,386.34,450.73,515.12,579.51,643.9,708.29,
0,64.7325,129.465,194.197,258.93,323.663,388.395,453.128,517.86,582.593,647.325,712.057,
0,65.075,130.15,195.225,260.3,325.375,390.45,455.525,520.6,585.675,650.75,715.825,
0,65.4175,130.835,196.253,261.67,327.087,392.505,457.922,523.34,588.758,654.175,719.593,
0,65.76,131.52,197.28,263.04,328.8,394.56,460.32,526.08,591.84,657.6,723.36,
0,66.1025,132.205,198.307,264.41,330.513,396.615,462.717,528.82,594.922,661.025,727.128,
0,66.445,132.89,199.335,265.78,332.225,398.67,465.115,531.56,598.005,664.45,730.895,
0,66.7875,133.575,200.363,267.15,333.938,400.725,467.513,534.3,601.088,667.875,734.662,
0,67.13,134.26,201.39,268.52,335.65,402.78,469.91,537.04,604.17,671.3,738.43,
0,67.4725,134.945,202.417,269.89,337.362,404.835,472.307,539.78,607.253,674.725,742.198,
0,67.815,135.63,203.445,271.26,339.075,406.89,474.705,542.52,610.335,678.15,745.965,
0,68.1575,136.315,204.473,272.63,340.788,408.945,477.103,545.26,613.417,681.575,749.732,
0,68.5,137,205.5,274,342.5,411,479.5,548,616.5,685,753.5,
0,68.8425,137.685,206.527,275.37,344.212,413.055,481.897,550.74,619.583,688.425,757.268,
0,69.185,138.37,207.555,276.74,345.925,415.11,484.295,553.48,622.665,691.85,761.035,
0,69.5275,139.055,208.583,278.11,347.638,417.165,486.693,556.22,625.747,695.275,764.802,
0,69.87,139.74,209.61,279.48,349.35,419.22,489.09,558.96,628.83,698.7,768.57,
0,70.2125,140.425,210.637,280.85,351.063,421.275,491.487,561.7,631.912,702.125,772.338,
0,70.555,141.11,211.665,282.22,352.775,423.33,493.885,564.44,634.995,705.55,776.105,
0,70.8975,141.795,212.693,283.59,354.487,425.385,496.283,567.18,638.078,708.975,779.872,
0,71.24,142.48,213.72,284.96,356.2,427.44,498.68,569.92,641.16,712.4,783.64,
0,71.5825,143.165,214.747,286.33,357.913,429.495,501.078,572.66,644.242,715.825,787.407,
0,71.925,143.85,215.775,287.7,359.625,431.55,503.475,575.4,647.325,719.25,791.175,
0,72.2675,144.535,216.803,289.07,361.337,433.605,505.872,578.14,650.407,722.675,794.943,
0,72.61,145.22,217.83,290.44,363.05,435.66,508.27,580.88,653.49,726.1,798.71,
0,72.9525,145.905,218.857,291.81,364.763,437.715,510.668,583.62,656.573,729.525,802.477,
0,73.295,146.59,219.885,293.18,366.475,439.77,513.065,586.36,659.655,732.95,806.245,
0,73.6375,147.275,220.913,294.55,368.188,441.825,515.463,589.1,662.737,736.375,810.013,
0,73.98,147.96,221.94,295.92,369.9,443.88,517.86,591.84,665.82,739.8,813.78,
0,74.3225,148.645,222.967,297.29,371.612,445.935,520.258,594.58,668.903,743.225,817.547,
0,74.665,149.33,223.995,298.66,373.325,447.99,522.655,597.32,671.985,746.65,821.315,
0,75.0075,150.015,225.023,300.03,375.038,450.045,525.052,600.06,675.068,750.075,825.083,
0,75.35,150.7,226.05,301.4,376.75,452.1,527.45,602.8,678.15,753.5,828.85,
0,75.6925,151.385,227.077,302.77,378.462,454.155,529.847,605.54,681.232,756.925,832.617,
0,76.035,152.07,228.105,304.14,380.175,456.21,532.245,608.28,684.315,760.35,836.385,
0,76.3775,152.755,229.133,305.51,381.888,458.265,534.643,611.02,687.398,763.775,840.153,
0,76.72,153.44,230.16,306.88,383.6,460.32,537.04,613.76,690.48,767.2,843.92,
0,77.0625,154.125,231.188,308.25,385.313,462.375,539.438,616.5,693.563,770.625,847.688,
0,77.405,154.81,232.215,309.62,387.025,464.43,541.835,619.24,696.645,774.05,851.455,
0,77.7475,155.495,233.242,310.99,388.737,466.485,544.232,621.98,699.727,777.475,855.222,
0,78.09,156.18,234.27,312.36,390.45,468.54,546.63,624.72,702.81,780.9,858.99,
0,78.4325,156.865,235.298,313.73,392.163,470.595,549.028,627.46,705.893,784.325,862.758,
0,78.775,157.55,236.325,315.1,393.875,472.65,551.425,630.2,708.975,787.75,866.525,
0,79.1175,158.235,237.352,316.47,395.587,474.705,553.823,632.94,712.057,791.175,870.292,
0,79.46,158.92,238.38,317.84,397.3,476.76,556.22,635.68,715.14,794.6,874.06,
0,79.8025,159.605,239.408,319.21,399.013,478.815,558.617,638.42,718.222,798.025,877.828,
0,80.145,160.29,240.435,320.58,400.725,480.87,561.015,641.16,721.305,801.45,881.595,
0,80.4875,160.975,241.462,321.95,402.438,482.925,563.412,643.9,724.388,804.875,885.362,
0,80.83,161.66,242.49,323.32,404.15,484.98,565.81,646.64,727.47,808.3,889.13,
0,81.1725,162.345,243.518,324.69,405.862,487.035,568.208,649.38,730.552,811.725,892.898,
0,81.515,163.03,244.545,326.06,407.575,489.09,570.605,652.12,733.635,815.15,896.665,
0,81.8575,163.715,245.572,327.43,409.288,491.145,573.003,654.86,736.718,818.575,900.432,
0,82.2,164.4,246.6,328.8,411,493.2,575.4,657.6,739.8,822,904.2,
0,82.5425,165.085,247.628,330.17,412.712,495.255,577.797,660.34,742.883,825.425,907.968,
0,82.885,165.77,248.655,331.54,414.425,497.31,580.195,663.08,745.965,828.85,911.735,
0,83.2275,166.455,249.682,332.91,416.138,499.365,582.593,665.82,749.047,832.275,915.503,
0,83.57,167.14,250.71,334.28,417.85,501.42,584.99,668.56,752.13,835.7,919.27,
0,83.9125,167.825,251.738,335.65,419.563,503.475,587.388,671.3,755.213,839.125,923.037,
0,84.255,168.51,252.765,337.02,421.275,505.53,589.785,674.04,758.295,842.55,926.805,
0,84.5975,169.195,253.792,338.39,422.987,507.585,592.182,676.78,761.378,845.975,930.573,
0,84.94,169.88,254.82,339.76,424.7,509.64,594.58,679.52,764.46,849.4,934.34,
0,85.2825,170.565,255.848,341.13,426.413,511.695,596.977,682.26,767.542,852.825,938.107,
0,85.625,171.25,256.875,342.5,428.125,513.75,599.375,685,770.625,856.25,941.875,
0,85.9675,171.935,257.902,343.87,429.837,515.805,601.773,687.74,773.708,859.675,945.643,
0,86.31,172.62,258.93,345.24,431.55,517.86,604.17,690.48,776.79,863.1,949.41,
0,86.6525,173.305,259.957,346.61,433.263,519.915,606.568,693.22,779.872,866.525,953.177,
0,86.995,173.99,260.985,347.98,434.975,521.97,608.965,695.96,782.955,869.95,956.945,
0,87.3375,174.675,262.013,349.35,436.688,524.025,611.362,698.7,786.037,873.375,960.713,
0,87.68,175.36,263.04,350.72,438.4,526.08,613.76,701.44,789.12,876.8,964.48,
0,88.0225,176.045,264.068,352.09,440.112,528.135,616.157,704.18,792.203,880.225,968.247,
0,88.365,176.73,265.095,353.46,441.825,530.19,618.555,706.92,795.285,883.65,972.015,
0,88.7075,177.415,266.122,354.83,443.538,532.245,620.953,709.66,798.367,887.075,975.782,
0,89.05,178.1,267.15,356.2,445.25,534.3,623.35,712.4,801.45,890.5,979.55,
0,89.3925,178.785,268.177,357.57,446.962,536.355,625.747,715.14,804.532,893.925,983.318,
0,89.735,179.47,269.205,358.94,448.675,538.41,628.145,717.88,807.615,897.35,987.085,
0,90.0775,180.155,270.233,360.31,450.388,540.465,630.542,720.62,810.698,900.775,990.852,
0,90.42,180.84,271.26,361.68,452.1,542.52,632.94,723.36,813.78,904.2,994.62,
0,90.7625,181.525,272.288,363.05,453.813,544.575,635.338,726.1,816.862,907.625,998.388,
0,91.105,182.21,273.315,364.42,455.525,546.63,637.735,728.84,819.945,911.05,1002.16,
0,91.4475,182.895,274.342,365.79,457.237,548.685,640.133,731.58,823.028,914.475,1005.92,
0,91.79,183.58,275.37,367.16,458.95,550.74,642.53,734.32,826.11,917.9,1009.69,
0,92.1325,184.265,276.397,368.53,460.663,552.795,644.927,737.06,829.193,921.325,1013.46,
0,92.475,184.95,277.425,369.9,462.375,554.85,647.325,739.8,832.275,924.75,1017.22,
0,92.8175,185.635,278.453,371.27,464.087,556.905,649.722,742.54,835.357,928.175,1020.99,
0,93.16,186.32,279.48,372.64,465.8,558.96,652.12,745.28,838.44,931.6,1024.76,
0,93.5025,187.005,280.508,374.01,467.513,561.015,654.518,748.02,841.523,935.025,1028.53,
0,93.845,187.69,281.535,375.38,469.225,563.07,656.915,750.76,844.605,938.45,1032.3,
0,94.1875,188.375,282.563,376.75,470.938,565.125,659.313,753.5,847.688,941.875,1036.06,
0,94.53,189.06,283.59,378.12,472.65,567.18,661.71,756.24,850.77,945.3,1039.83,
0,94.8725,189.745,284.617,379.49,474.362,569.235,664.107,758.98,853.852,948.725,1043.6,
0,95.215,190.43,285.645,380.86,476.075,571.29,666.505,761.72,856.935,952.15,1047.36,
0,95.5575,191.115,286.672,382.23,477.788,573.345,668.903,764.46,860.018,955.575,1051.13,
0,95.9,191.8,287.7,383.6,479.5,575.4,671.3,767.2,863.1,959,1054.9,
0,96.2425,192.485,288.728,384.97,481.212,577.455,673.698,769.94,866.182,962.425,1058.67,
0,96.585,193.17,289.755,386.34,482.925,579.51,676.095,772.68,869.265,965.85,1062.44,
0,96.9275,193.855,290.783,387.71,484.638,581.565,678.492,775.42,872.347,969.275,1066.2,
0,97.27,194.54,291.81,389.08,486.35,583.62,680.89,778.16,875.43,972.7,1069.97,
0,97.6125,195.225,292.837,390.45,488.063,585.675,683.287,780.9,878.513,976.125,1073.74,
0,97.955,195.91,293.865,391.82,489.775,587.73,685.685,783.64,881.595,979.55,1077.51,
0,98.2975,196.595,294.892,393.19,491.487,589.785,688.083,786.38,884.677,982.975,1081.27,
0,98.64,197.28,295.92,394.56,493.2,591.84,690.48,789.12,887.76,986.4,1085.04,
0,98.9825,197.965,296.948,395.93,494.913,593.895,692.878,791.86,890.843,989.825,1088.81,
0,99.325,198.65,297.975,397.3,496.625,595.95,695.275,794.6,893.925,993.25,1092.57,
0,99.6675,199.335,299.003,398.67,498.337,598.005,697.672,797.34,897.008,996.675,1096.34,
0,100.01,200.02,300.03,400.04,500.05,600.06,700.07,800.08,900.09,1000.1,1100.11,
0,100.353,200.705,301.057,401.41,501.763,602.115,702.468,802.82,903.172,1003.53,1103.88,
0,100.695,201.39,302.085,402.78,503.475,604.17,704.865,805.56,906.255,1006.95,1107.65,
0,101.037,202.075,303.112,404.15,505.188,606.225,707.263,808.3,909.338,1010.38,1111.41,
0,101.38,202.76,304.14,405.52,506.9,608.28,709.66,811.04,912.42,1013.8,1115.18,
0,101.723,203.445,305.168,406.89,508.612,610.335,712.057,813.78,915.503,1017.22,1118.95,
0,102.065,204.13,306.195,408.26,510.325,612.39,714.455,816.52,918.585,1020.65,1122.71,
0,102.408,204.815,307.223,409.63,512.037,614.445,716.852,819.26,921.667,1024.07,1126.48,
